title,url,videos,articles,problems,mcqs,category,tab
Variables and Data Types,https://www.geeksforgeeks.org/batch/dsa-jiit/track/Java-Foundation-Data-Types-2/video/MTIyNg%3D%3D,,,,,Programming Language,CPP
C++ Basics,https://www.geeksforgeeks.org/batch/dsa-jiit/track/cpp-foundation-cpp-basics-2,9 Videos,9 Articles,2 Problems,10 MCQ's,Programming Language,CPP
Variable and Data Types,https://www.geeksforgeeks.org/batch/dsa-jiit/track/cpp-foundation-variables-and-data-types-2,12 Videos,12 Articles,7 Problems,10 MCQ's,Programming Language,CPP
Input Output in C++,https://www.geeksforgeeks.org/batch/dsa-jiit/track/foundation-cpp-io-in-cpp-2,9 Videos,9 Articles,10 Problems,10 MCQ's,Programming Language,CPP
Operators,https://www.geeksforgeeks.org/batch/dsa-jiit/track/foundation-cpp-operators-2,13 Videos,12 Articles,10 Problems,10 MCQ's,Programming Language,CPP
Flow Control,https://www.geeksforgeeks.org/batch/dsa-jiit/track/foundation-cpp-flow-control-2,9 Videos,9 Articles,9 Problems,10 MCQ's,Programming Language,CPP
Loops,https://www.geeksforgeeks.org/batch/dsa-jiit/track/foundation-cpp-loops-2,21 Videos,21 Articles,20 Problems,10 MCQ's,Programming Language,CPP
Function,https://www.geeksforgeeks.org/batch/dsa-jiit/track/foundation-cpp-function-2,9 Videos,10 Articles,8 Problems,10 MCQ's,Programming Language,CPP
Array,https://www.geeksforgeeks.org/batch/dsa-jiit/track/foundation-cpp-array-2,11 Videos,10 Articles,10 Problems,10 MCQ's,Programming Language,CPP
References,https://www.geeksforgeeks.org/batch/dsa-jiit/track/foundation-cpp-references-2,5 Videos,5 Articles,2 Problems,10 MCQ's,Programming Language,CPP
Pointers,https://www.geeksforgeeks.org/batch/dsa-jiit/track/foundation-cpp-pointers-2,11 Videos,11 Articles,5 Problems,10 MCQ's,Programming Language,CPP
String,https://www.geeksforgeeks.org/batch/dsa-jiit/track/foundation-cpp-string-2,15 Videos,15 Articles,16 Problems,10 MCQ's,Programming Language,CPP
Structure and Union,https://www.geeksforgeeks.org/batch/dsa-jiit/track/foundation-cpp-structure-union-2,6 Videos,6 Articles,5 Problems,10 MCQ's,Programming Language,CPP
Multi Dimensional Array,https://www.geeksforgeeks.org/batch/dsa-jiit/track/foundation-cpp-multidimension-2,4 Videos,4 Articles,4 Problems,5 MCQ's,Programming Language,CPP
Templates,https://www.geeksforgeeks.org/batch/dsa-jiit/track/cpp-foundation-template-in-cpp-2,3 Videos,3 Articles,3 Problems,10 MCQ's,Programming Language,CPP
Object Oriented Programming (OOPs),https://www.geeksforgeeks.org/batch/dsa-jiit/track/foundation-cpp-oops-2,10 Videos,12 Articles,8 Problems,10 MCQ's,Programming Language,CPP
Exception Handling,https://www.geeksforgeeks.org/batch/dsa-jiit/track/foundation-cpp-exception-handling,4 Videos,4 Articles,2 Problems,10 MCQ's,Programming Language,CPP
Advanced,https://www.geeksforgeeks.org/batch/dsa-jiit/track/cpp-foundation-advanced-2,11 Videos,11 Articles,5 Problems,10 MCQ's,Programming Language,CPP
Introduction,https://www.geeksforgeeks.org/batch/dsa-jiit/track/Java-Foundation-Java-Basics-jtp-2,5 Videos,3 Articles,3 Problems,10 MCQ's,Programming Language,Java
Variables and Data Types,https://www.geeksforgeeks.org/batch/dsa-jiit/track/Java-Foundation-Data-Types-2,6 Videos,6 Articles,4 Problems,10 MCQ's,Programming Language,Java
Input and Output in Java,https://www.geeksforgeeks.org/batch/dsa-jiit/track/Java-Foundation-IO-2,3 Videos,3 Articles,9 Problems,10 MCQ's,Programming Language,Java
Operators,https://www.geeksforgeeks.org/batch/dsa-jiit/track/Java-Foundation-Operators-2,8 Videos,8 Articles,10 Problems,10 MCQ's,Programming Language,Java
Flow Control,https://www.geeksforgeeks.org/batch/dsa-jiit/track/Java-Foundation-Flow-Control-2,6 Videos,6 Articles,9 Problems,10 MCQ's,Programming Language,Java
Loops,https://www.geeksforgeeks.org/batch/dsa-jiit/track/Java-Foundation-Loops-2,17 Videos,19 Articles,21 Problems,10 MCQ's,Programming Language,Java
Functions,https://www.geeksforgeeks.org/batch/dsa-jiit/track/Java-Foundation-Functions-2,5 Videos,5 Articles,5 Problems,10 MCQ's,Programming Language,Java
Array,https://www.geeksforgeeks.org/batch/dsa-jiit/track/Java-Foundation-Array-2,9 Videos,10 Articles,15 Problems,10 MCQ's,Programming Language,Java
String,https://www.geeksforgeeks.org/batch/dsa-jiit/track/Java-Foundation-String-2,12 Videos,11 Articles,17 Problems,10 MCQ's,Programming Language,Java
Classes and Objects,https://www.geeksforgeeks.org/batch/dsa-jiit/track/Java-Foundation-Classes-Objects-2,6 Videos,6 Articles,4 Problems,10 MCQ's,Programming Language,Java
OOP,https://www.geeksforgeeks.org/batch/dsa-jiit/track/placement100-oops-java-2,14 Videos,11 Articles,4 Problems,20 MCQ's,Programming Language,Java
"Exception Handling, Multithreading and File I/O",https://www.geeksforgeeks.org/batch/dsa-jiit/track/Java-Foundation-Advance-2,17 Videos,15 Articles,11 Problems,10 MCQ's,Programming Language,Java
"DSA - What, Why and How ?",https://www.geeksforgeeks.org/batch/dsa-jiit/track/DSASP-intro-and-roadmap,2 Videos,,,,Foundation of DSA,Analysis of Algorithms
Analysis of Algorithms : Recorded Content,https://www.geeksforgeeks.org/batch/dsa-jiit/track/analysis-of-algo-videos-college,15 Videos,,,,Foundation of DSA,Analysis of Algorithms
Analysis of Algorithms : Articles,https://www.geeksforgeeks.org/batch/dsa-jiit/track/analysis-of-algo-notes-college,,11 Articles,,,Foundation of DSA,Analysis of Algorithms
Analysis of Algorithms : Quiz,https://www.geeksforgeeks.org/batch/dsa-jiit/track/quiz-analysis-of-algorithm-ct,,,,10 MCQ's,Foundation of DSA,Analysis of Algorithms
Arrays : Recorded Content,https://www.geeksforgeeks.org/batch/dsa-jiit/track/arrays-videos-college-training,31 Videos,,,,Foundation of DSA,Arrays
Arrays : Article,https://www.geeksforgeeks.org/batch/dsa-jiit/track/arrays-notes-college-training,,27 Articles,,,Foundation of DSA,Arrays
Arrays : Class Room Problems,https://www.geeksforgeeks.org/batch/dsa-jiit/track/arrays-test-skills-college-training,,,5 Problems,,Foundation of DSA,Arrays
Arrays : Home Work Problems,https://www.geeksforgeeks.org/batch/dsa-jiit/track/arrays-practice-problems-college-training,,,3 Problems,,Foundation of DSA,Arrays
Arrays : Quiz,https://www.geeksforgeeks.org/batch/dsa-jiit/track/quiz-arrays-ct,,,,10 MCQ's,Foundation of DSA,Arrays
Matrix : Recorded Content,https://www.geeksforgeeks.org/batch/dsa-jiit/track/matrix-videos-college-training,12 Videos,,,,Foundation of DSA,Matrix
Matrix : Article,https://www.geeksforgeeks.org/batch/dsa-jiit/track/matrix-notes-college-training,,11 Articles,,,Foundation of DSA,Matrix
Matrix : Class Room Problems,https://www.geeksforgeeks.org/batch/dsa-jiit/track/matrix-practice-college-training,,,4 Problems,,Foundation of DSA,Matrix
Matrix : Home Work Problems,https://www.geeksforgeeks.org/batch/dsa-jiit/track/matrix-problems-college-training,,,3 Problems,,Foundation of DSA,Matrix
Matrix : Quiz,https://www.geeksforgeeks.org/batch/dsa-jiit/track/quiz-matrix-ct,,,,5 MCQ's,Foundation of DSA,Matrix
String : Recorded Content,https://www.geeksforgeeks.org/batch/dsa-jiit/track/string-videos-college-training,19 Videos,,,,Foundation of DSA,String
String : Article,https://www.geeksforgeeks.org/batch/dsa-jiit/track/string-notes-college-training,,12 Articles,,,Foundation of DSA,String
String : Class Room Problems,https://www.geeksforgeeks.org/batch/dsa-jiit/track/string-practice-college-training,,,3 Problems,,Foundation of DSA,String
String : Home Work Problems,https://www.geeksforgeeks.org/batch/dsa-jiit/track/string-problems-college-training,,,3 Problems,,Foundation of DSA,String
String : Quiz,https://www.geeksforgeeks.org/batch/dsa-jiit/track/quiz-string-ct,,,,10 MCQ's,Foundation of DSA,String
Mathematics : Recorded Content,https://www.geeksforgeeks.org/batch/dsa-jiit/track/maths-videos-college-training,12 Videos,,,,Foundation of DSA,Mathematics
Mathematics : Article,https://www.geeksforgeeks.org/batch/dsa-jiit/track/maths-notes-college-training,,13 Articles,,,Foundation of DSA,Mathematics
Mathematics : Class Room Problems,https://www.geeksforgeeks.org/batch/dsa-jiit/track/maths-practice-college-training,,,2 Problems,,Foundation of DSA,Mathematics
Mathematics : Home Work Problems,https://www.geeksforgeeks.org/batch/dsa-jiit/track/maths-problems-college-training,,,,,Foundation of DSA,Mathematics
Mathematics : Quiz,https://www.geeksforgeeks.org/batch/dsa-jiit/track/quiz-mathematics-ct,,,,10 MCQ's,Foundation of DSA,Mathematics
Bit Magic : Recorded Content,https://www.geeksforgeeks.org/batch/dsa-jiit/track/bitmagic-videos-college-training,12 Videos,,,,Foundation of DSA,Bit Magic
Bit Magic : Article,https://www.geeksforgeeks.org/batch/dsa-jiit/track/bitmagic-notes-college-training,,11 Articles,,,Foundation of DSA,Bit Magic
Bit Magic : Class Room Problems,https://www.geeksforgeeks.org/batch/dsa-jiit/track/bitmagic-practice-college-training,,,4 Problems,,Foundation of DSA,Bit Magic
Bit Magic : Home Work Problems,https://www.geeksforgeeks.org/batch/dsa-jiit/track/bitmagic-problems-college-training,,,3 Problems,,Foundation of DSA,Bit Magic
Bit Magic : Quiz,https://www.geeksforgeeks.org/batch/dsa-jiit/track/quiz-bit-magic-ct,,,,10 MCQ's,Foundation of DSA,Bit Magic
Stack : Recorded Videos,https://www.geeksforgeeks.org/batch/dsa-jiit/track/stack-videos-college-training,27 Videos,,,,Basic Data Structures,Stack
Stack : Article,https://www.geeksforgeeks.org/batch/dsa-jiit/track/stack-notes-college-training,,19 Articles,,,Basic Data Structures,Stack
Stack : Class Room Problems,https://www.geeksforgeeks.org/batch/dsa-jiit/track/stack-practice-college-training,,,4 Problems,,Basic Data Structures,Stack
Stack : Home Work Problems,https://www.geeksforgeeks.org/batch/dsa-jiit/track/stack-problems-college-training,,,3 Problems,,Basic Data Structures,Stack
Stack : Quiz,https://www.geeksforgeeks.org/batch/dsa-jiit/track/quiz-stack-ct,,,,10 MCQ's,Basic Data Structures,Stack
Queue : Recorded Videos,https://www.geeksforgeeks.org/batch/dsa-jiit/track/Queue-videos-college-training,9 Videos,,,,Basic Data Structures,Queue
Queue : Article,https://www.geeksforgeeks.org/batch/dsa-jiit/track/Queue-notes-college-training,,5 Articles,,,Basic Data Structures,Queue
Queue : Class Room Problems,https://www.geeksforgeeks.org/batch/dsa-jiit/track/Queue-practice-college-training,,,,,Basic Data Structures,Queue
Queue : Quiz,https://www.geeksforgeeks.org/batch/dsa-jiit/track/quiz-queue-ct,,,,10 MCQ's,Basic Data Structures,Queue
Deque : Recorded Videos,https://www.geeksforgeeks.org/batch/dsa-jiit/track/Deque-videos-college-training,8 Videos,,,,Basic Data Structures,Deque
Deque : Article,https://www.geeksforgeeks.org/batch/dsa-jiit/track/Deque-notes-college-training,,7 Articles,,,Basic Data Structures,Deque
Deque : Class Room Problems,https://www.geeksforgeeks.org/batch/dsa-jiit/track/Deque-practice-college-training,,,,,Basic Data Structures,Deque
Deque : Quiz,https://www.geeksforgeeks.org/batch/dsa-jiit/track/quiz-deque-ct,,,,10 MCQ's,Basic Data Structures,Deque
LinkedList : Recorded Videos,https://www.geeksforgeeks.org/batch/dsa-jiit/track/LinkedList-videos-college-training,54 Videos,,,,Basic Data Structures,LinkedList
LinkedList : Article,https://www.geeksforgeeks.org/batch/dsa-jiit/track/LinkedList-notes-college-training,,40 Articles,,,Basic Data Structures,LinkedList
LinkedList : Class Room Problems,https://www.geeksforgeeks.org/batch/dsa-jiit/track/LinkedList-practice-college-training,,,5 Problems,,Basic Data Structures,LinkedList
LinkedList : Home Work Problems,https://www.geeksforgeeks.org/batch/dsa-jiit/track/LinkedList-problems-college-training,,,3 Problems,,Basic Data Structures,LinkedList
LinkedList : Quiz,https://www.geeksforgeeks.org/batch/dsa-jiit/track/quiz-linked-list-ct,,,,10 MCQ's,Basic Data Structures,LinkedList
Hashing : Recorded Videos,https://www.geeksforgeeks.org/batch/dsa-jiit/track/Hashing-videos-college-training,30 Videos,,,,Basic Data Structures,Hashing
Hashing : Article,https://www.geeksforgeeks.org/batch/dsa-jiit/track/Hashing-notes-college-training,,23 Articles,,,Basic Data Structures,Hashing
Hashing : Class Room Problems,https://www.geeksforgeeks.org/batch/dsa-jiit/track/Hashing-practice-college-training,,,4 Problems,,Basic Data Structures,Hashing
Hashing : Home Work Problems,https://www.geeksforgeeks.org/batch/dsa-jiit/track/Hashing-problems-college-training,,,3 Problems,,Basic Data Structures,Hashing
Hashing : Quiz,https://www.geeksforgeeks.org/batch/dsa-jiit/track/quiz-hashing-ct,,,,10 MCQ's,Basic Data Structures,Hashing
Recursion : Recorded Videos,https://www.geeksforgeeks.org/batch/dsa-jiit/track/Recursion-videos-college-training,17 Videos,,,,Recursion & Searching/Sorting,Recursion
Recursion : Article,https://www.geeksforgeeks.org/batch/dsa-jiit/track/Recursion-notes-college-training,,12 Articles,,,Recursion & Searching/Sorting,Recursion
Recursion : Class Room Problems,https://www.geeksforgeeks.org/batch/dsa-jiit/track/Recursion-practice-college-training,,,3 Problems,,Recursion & Searching/Sorting,Recursion
Recursion : Home Work Problems,https://www.geeksforgeeks.org/batch/dsa-jiit/track/Recursion-problems-college-training,,,3 Problems,,Recursion & Searching/Sorting,Recursion
Recursion : Quiz,https://www.geeksforgeeks.org/batch/dsa-jiit/track/quiz-recursion-ct,,,,10 MCQ's,Recursion & Searching/Sorting,Recursion
Sorting : Recorded Videos,https://www.geeksforgeeks.org/batch/dsa-jiit/track/Sorting-videos-college-training,39 Videos,,,,Recursion & Searching/Sorting,Sorting
Sorting : Article,https://www.geeksforgeeks.org/batch/dsa-jiit/track/Sorting-notes-college-training,,29 Articles,,,Recursion & Searching/Sorting,Sorting
Sorting : Class Room Problems,https://www.geeksforgeeks.org/batch/dsa-jiit/track/Sorting-practice-college-training,,,4 Problems,,Recursion & Searching/Sorting,Sorting
Sorting : Home Work Problems,https://www.geeksforgeeks.org/batch/dsa-jiit/track/Sorting-problems-college-training,,,3 Problems,,Recursion & Searching/Sorting,Sorting
Sorting : Quiz,https://www.geeksforgeeks.org/batch/dsa-jiit/track/quiz-sorting-ct,,,,10 MCQ's,Recursion & Searching/Sorting,Sorting
Searching : Recorded Videos,https://www.geeksforgeeks.org/batch/dsa-jiit/track/Searching-videos-college-training,18 Videos,,,,Recursion & Searching/Sorting,Searching
Searching : Article,https://www.geeksforgeeks.org/batch/dsa-jiit/track/Searching-notes-college-training,,13 Articles,,,Recursion & Searching/Sorting,Searching
Searching : Class Room Problems,https://www.geeksforgeeks.org/batch/dsa-jiit/track/Searching-practice-college-training,,,4 Problems,,Recursion & Searching/Sorting,Searching
Searching : Home Work Problems,https://www.geeksforgeeks.org/batch/dsa-jiit/track/Searching-problems-college-training,,,2 Problems,,Recursion & Searching/Sorting,Searching
Searching : Quiz,https://www.geeksforgeeks.org/batch/dsa-jiit/track/quiz-searching-ct,,,,10 MCQ's,Recursion & Searching/Sorting,Searching
Tree : Recorded Videos,https://www.geeksforgeeks.org/batch/dsa-jiit/track/Tree-videos-college-training,30 Videos,,,,Non Linear Data Structure,Tree
Tree : Article,https://www.geeksforgeeks.org/batch/dsa-jiit/track/Tree-notes-college-training,,24 Articles,,,Non Linear Data Structure,Tree
Tree : Class Room Problems,https://www.geeksforgeeks.org/batch/dsa-jiit/track/Tree-practice-college-training,,,5 Problems,,Non Linear Data Structure,Tree
Tree : Home Work Problems,https://www.geeksforgeeks.org/batch/dsa-jiit/track/Tree-problems-college-training,,,4 Problems,,Non Linear Data Structure,Tree
Tree : Quiz,https://www.geeksforgeeks.org/batch/dsa-jiit/track/quiz-tree-ct,,,,10 MCQ's,Non Linear Data Structure,Tree
Binary Search Tree : Recorded Videos,https://www.geeksforgeeks.org/batch/dsa-jiit/track/bst-videos-college-training,28 Videos,,,,Non Linear Data Structure,Binary Search Tree
Binary Search Tree : Article,https://www.geeksforgeeks.org/batch/dsa-jiit/track/bst-notes-college-training,,16 Articles,,,Non Linear Data Structure,Binary Search Tree
Binary Search Tree : Class Room Problems,https://www.geeksforgeeks.org/batch/dsa-jiit/track/bst-practice-college-training,,,5 Problems,,Non Linear Data Structure,Binary Search Tree
Binary Search Tree : Home Work Problems,https://www.geeksforgeeks.org/batch/dsa-jiit/track/bst-problems-college-training,,,,,Non Linear Data Structure,Binary Search Tree
Binary Search Tree : Quiz,https://www.geeksforgeeks.org/batch/dsa-jiit/track/quiz-bst-ct,,,,10 MCQ's,Non Linear Data Structure,Binary Search Tree
Heap : Recorded Videos,https://www.geeksforgeeks.org/batch/dsa-jiit/track/Heap-videos-college-training,14 Videos,,,,Non Linear Data Structure,Heap
Heap : Article,https://www.geeksforgeeks.org/batch/dsa-jiit/track/Heap-notes-college-training,,11 Articles,,,Non Linear Data Structure,Heap
Heap : Class Room Problems,https://www.geeksforgeeks.org/batch/dsa-jiit/track/Heap-practice-college-training,,,3 Problems,,Non Linear Data Structure,Heap
Heap : Home Work Problems,https://www.geeksforgeeks.org/batch/dsa-jiit/track/Heap-problems-college-training,,,3 Problems,,Non Linear Data Structure,Heap
Heap : Quiz,https://www.geeksforgeeks.org/batch/dsa-jiit/track/quiz-heap-ct,,,,10 MCQ's,Non Linear Data Structure,Heap
Graph : Recorded Videos,https://www.geeksforgeeks.org/batch/dsa-jiit/track/Graph-videos-college-training,29 Videos,,,,Non Linear Data Structure,Graph
Graph : Article,https://www.geeksforgeeks.org/batch/dsa-jiit/track/Graph-notes-college-training,,20 Articles,,,Non Linear Data Structure,Graph
Graph : Class Room Problems,https://www.geeksforgeeks.org/batch/dsa-jiit/track/Graph-practice-college-training,,,5 Problems,,Non Linear Data Structure,Graph
Graph : Homework Problems,https://www.geeksforgeeks.org/batch/dsa-jiit/track/Graph-problems-college-training,,,7 Problems,,Non Linear Data Structure,Graph
Graph : Quiz,https://www.geeksforgeeks.org/batch/dsa-jiit/track/quiz-college-training,,,,10 MCQ's,Non Linear Data Structure,Graph
Greedy : Recorded Videos,https://www.geeksforgeeks.org/batch/dsa-jiit/track/Greedy-videos-college-training,12 Videos,,,,Problem-Solving Paradigm,Greedy
Greedy : Article,https://www.geeksforgeeks.org/batch/dsa-jiit/track/Greedy-notes-college-training,,5 Articles,,,Problem-Solving Paradigm,Greedy
Greedy : Class Room Problems,https://www.geeksforgeeks.org/batch/dsa-jiit/track/Greedy-practice-college-training,,,2 Problems,,Problem-Solving Paradigm,Greedy
Greedy : Home Work Problems,https://www.geeksforgeeks.org/batch/dsa-jiit/track/Greedy-problems-college-training,,,3 Problems,,Problem-Solving Paradigm,Greedy
Greedy : Quiz,https://www.geeksforgeeks.org/batch/dsa-jiit/track/quiz-greedy-ct,,,,10 MCQ's,Problem-Solving Paradigm,Greedy
Backtracking : Recorded Videos,https://www.geeksforgeeks.org/batch/dsa-jiit/track/Backtracking-videos-college-training,4 Videos,,,,Problem-Solving Paradigm,Backtracking
Backtracking : Article,https://www.geeksforgeeks.org/batch/dsa-jiit/track/Backtracking-notes-college-training,,4 Articles,,,Problem-Solving Paradigm,Backtracking
Backtracking : Class Room Problems,https://www.geeksforgeeks.org/batch/dsa-jiit/track/Backtracking-practice-college-training,,,4 Problems,,Problem-Solving Paradigm,Backtracking
Backtracking : Quiz,https://www.geeksforgeeks.org/batch/dsa-jiit/track/quiz-backtracking-ct,,,,10 MCQ's,Problem-Solving Paradigm,Backtracking
Dynamic Programming : Recorded Videos,https://www.geeksforgeeks.org/batch/dsa-jiit/track/dp-videos-college-training,31 Videos,,,,Problem-Solving Paradigm,Dynamic Programming
Dynamic Programming : Article,https://www.geeksforgeeks.org/batch/dsa-jiit/track/dp-notes-college-training,,25 Articles,,,Problem-Solving Paradigm,Dynamic Programming
Dynamic Programming : Class Room Problems,https://www.geeksforgeeks.org/batch/dsa-jiit/track/dp-practice-college-training,,,5 Problems,,Problem-Solving Paradigm,Dynamic Programming
Dynamic Programming : Home Work Problems,https://www.geeksforgeeks.org/batch/dsa-jiit/track/dp-problems-college-training,,,4 Problems,,Problem-Solving Paradigm,Dynamic Programming
Dynamic Programming : Quiz,https://www.geeksforgeeks.org/batch/dsa-jiit/track/quiz-dp-ct,,,,10 MCQ's,Problem-Solving Paradigm,Dynamic Programming
Trie : Recorded Videos,https://www.geeksforgeeks.org/batch/dsa-jiit/track/Trie-videos-college-training,4 Videos,,,,Advanced Data Structures,Trie
Trie : Article,https://www.geeksforgeeks.org/batch/dsa-jiit/track/Trie-notes-college-training,,3 Articles,,,Advanced Data Structures,Trie
Trie : Class Room Problems,https://www.geeksforgeeks.org/batch/dsa-jiit/track/Trie-practice-college-training,,,4 Problems,,Advanced Data Structures,Trie
Trie : Home Work Problems,https://www.geeksforgeeks.org/batch/dsa-jiit/track/Trie-problems-college-training,,,2 Problems,,Advanced Data Structures,Trie
Trie : Quiz,https://www.geeksforgeeks.org/batch/dsa-jiit/track/quiz-trie-ct,,,,5 MCQ's,Advanced Data Structures,Trie
Segment Tree : Recorded Videos,https://www.geeksforgeeks.org/batch/dsa-jiit/track/Segment-videos-college-training,10 Videos,,,,Advanced Data Structures,Segment and Binary Indexed Trees
Segment Tree : Article,https://www.geeksforgeeks.org/batch/dsa-jiit/track/Segment-notes-college-training,,3 Articles,,,Advanced Data Structures,Segment and Binary Indexed Trees
Segment Tree : Class Room Problems,https://www.geeksforgeeks.org/batch/dsa-jiit/track/Segment-practice-college-training,,,2 Problems,,Advanced Data Structures,Segment and Binary Indexed Trees
Segment Tree : Quiz,https://www.geeksforgeeks.org/batch/dsa-jiit/track/quiz-segment-ct,,,,5 MCQ's,Advanced Data Structures,Segment and Binary Indexed Trees
Disjoint Set : Recorded Content,https://www.geeksforgeeks.org/batch/dsa-jiit/track/ds-videos-college-training,5 Videos,,,,Advanced Data Structures,Disjoint Set
Disjoint Set : Article,https://www.geeksforgeeks.org/batch/dsa-jiit/track/ds-notes-college-training,,3 Articles,,,Advanced Data Structures,Disjoint Set
Disjoint Set : Class Room Problems,https://www.geeksforgeeks.org/batch/dsa-jiit/track/ds-practice-college-training,,,,,Advanced Data Structures,Disjoint Set
Disjoint Set : Home Work Problems,https://www.geeksforgeeks.org/batch/dsa-jiit/track/ds-problems-college-training,,,2 Problems,,Advanced Data Structures,Disjoint Set
Disjoint Set : Quiz,https://www.geeksforgeeks.org/batch/dsa-jiit/track/quiz-disjoint-set-ct,,,,5 MCQ's,Advanced Data Structures,Disjoint Set
Cognizant Mock 1,https://practice.geeksforgeeks.org/contest/cognizant-mock-1-3354,,,,,Service Based Test Series,Cognizant Mocks
Cognizant Mock 2,https://practice.geeksforgeeks.org/contest/cognizant-mock-2-3603,,,,,Service Based Test Series,Cognizant Mocks
Cognizant Mock 3,https://practice.geeksforgeeks.org/contest/cognizant-mock-3-3659,,,,,Service Based Test Series,Cognizant Mocks
Cognizant Mock 4,https://practice.geeksforgeeks.org/contest/cognizant-mock-4-3748,,,,,Service Based Test Series,Cognizant Mocks
Cognizant Mock 5,https://practice.geeksforgeeks.org/contest/cognizant-mock-5-3844,,,,,Service Based Test Series,Cognizant Mocks
Accenture Mock 1,https://practice.geeksforgeeks.org/contest/accenture-mock-1-3956,,,,,Service Based Test Series,Accenture Mocks
Accenture Mock 2,https://practice.geeksforgeeks.org/contest/accenture-mock-2-4047,,,,,Service Based Test Series,Accenture Mocks
Accenture Mock 3,https://practice.geeksforgeeks.org/contest/accenture-mock-3-4129,,,,,Service Based Test Series,Accenture Mocks
Accenture Mock 4,https://practice.geeksforgeeks.org/contest/accenture-mock-4-4216,,,,,Service Based Test Series,Accenture Mocks
Accenture Mock 5,https://practice.geeksforgeeks.org/contest/accenture-mock-5-4259,,,,,Service Based Test Series,Accenture Mocks
TCS Mock 1,https://practice.geeksforgeeks.org/contest/tcs-mock-1-4401,,,,,Service Based Test Series,TCS Mocks
TCS Mock 2,https://practice.geeksforgeeks.org/contest/tcs-mock-2-4457,,,,,Service Based Test Series,TCS Mocks
TCS Mock 3,https://practice.geeksforgeeks.org/contest/tcs-mock-3-4544,,,,,Service Based Test Series,TCS Mocks
TCS Mock 4,https://practice.geeksforgeeks.org/contest/tcs-mock-4-4628,,,,,Service Based Test Series,TCS Mocks
TCS Mock 5,https://practice.geeksforgeeks.org/contest/tcs-mock-5-4711,,,,,Service Based Test Series,TCS Mocks
Capgemini Mock 1,https://practice.geeksforgeeks.org/contest/capgemini-mock-1-4813,,,,,Service Based Test Series,Capgemini Mocks
Capgemini Mock 2,https://practice.geeksforgeeks.org/contest/capgemini-mock-2-4908,,,,,Service Based Test Series,Capgemini Mocks
Capgemini Mock 3,https://practice.geeksforgeeks.org/contest/capgemini-mock-3-4957,,,,,Service Based Test Series,Capgemini Mocks
Capgemini Mock 4,https://practice.geeksforgeeks.org/contest/capgemini-mock-4-5047,,,,,Service Based Test Series,Capgemini Mocks
Capgemini Mock 5,https://practice.geeksforgeeks.org/contest/capgemini-mock-5-5147,,,,,Service Based Test Series,Capgemini Mocks
Infosys Mocks 1,https://practice.geeksforgeeks.org/contest/hackwithinfy-mock-1-5432,,,,,Service Based Test Series,Infosys Mocks
Infosys Mocks 2,https://practice.geeksforgeeks.org/contest/hackwithinfy-mock-2-5525,,,,,Service Based Test Series,Infosys Mocks
Infosys Mocks 3,https://practice.geeksforgeeks.org/contest/hackwithinfy-mock-3-5607,,,,,Service Based Test Series,Infosys Mocks
Infosys Mocks 4,https://practice.geeksforgeeks.org/contest/hackwithinfy-mock-4-5713,,,,,Service Based Test Series,Infosys Mocks
Infosys Mocks 5,https://practice.geeksforgeeks.org/contest/hackwithinfy-mock-5-5759,,,,,Service Based Test Series,Infosys Mocks
IBM Mock 1,https://practice.geeksforgeeks.org/contest/ibm-mock-1-5903,,,,,Service Based Test Series,IBM Mocks
IBM Mock 2,https://practice.geeksforgeeks.org/contest/ibm-mock-2-5948,,,,,Service Based Test Series,IBM Mocks
IBM Mock 3,https://practice.geeksforgeeks.org/contest/ibm-mock-3-0042,,,,,Service Based Test Series,IBM Mocks
IBM Mock 4,https://practice.geeksforgeeks.org/contest/ibm-mock-4-0133,,,,,Service Based Test Series,IBM Mocks
IBM Mock 5,https://practice.geeksforgeeks.org/contest/ibm-mock-5-0222,,,,,Service Based Test Series,IBM Mocks
JP Morgan Mock 1,https://practice.geeksforgeeks.org/contest/jp-morgan-mock-1-0316,,,,,Service Based Test Series,JP Morgan Mocks
JP Morgan Mock 2,https://practice.geeksforgeeks.org/contest/jp-morgan-mock-2-0409,,,,,Service Based Test Series,JP Morgan Mocks
JP Morgan Mock 3,https://practice.geeksforgeeks.org/contest/jp-morgan-mock-3-0513,,,,,Service Based Test Series,JP Morgan Mocks
JP Morgan Mock 4,https://practice.geeksforgeeks.org/contest/jp-morgan-mock-4-1229,,,,,Service Based Test Series,JP Morgan Mocks
JP Morgan Mock 5,https://practice.geeksforgeeks.org/contest/jp-morgan-mock-5-1355,,,,,Service Based Test Series,JP Morgan Mocks
HCL Mock 1,https://practice.geeksforgeeks.org/contest/hcl-mock-1-1458,,,,,Service Based Test Series,HCL Mocks
HCL Mock 2,https://practice.geeksforgeeks.org/contest/hcl-mock-2-1625,,,,,Service Based Test Series,HCL Mocks
HCL Mock 3,https://practice.geeksforgeeks.org/contest/hcl-mock-3-1912,,,,,Service Based Test Series,HCL Mocks
HCL Mock 4,https://practice.geeksforgeeks.org/contest/hcl-mock-4-2003,,,,,Service Based Test Series,HCL Mocks
HCL Mock 5,https://practice.geeksforgeeks.org/contest/hcl-mock-5-2053,,,,,Service Based Test Series,HCL Mocks
Tech Mahindra Mock 1,https://practice.geeksforgeeks.org/contest/tech-mahindra-mock-1-2206,,,,,Service Based Test Series,Tech Mahindra Mock
Tech Mahindra Mock 2,https://practice.geeksforgeeks.org/contest/tech-mahindra-mock-2-2259,,,,,Service Based Test Series,Tech Mahindra Mock
Tech Mahindra Mock 3,https://practice.geeksforgeeks.org/contest/tech-mahindra-mock-3-2351,,,,,Service Based Test Series,Tech Mahindra Mock
Tech Mahindra Mock 4,https://practice.geeksforgeeks.org/contest/tech-mahindra-mock-4-2445,,,,,Service Based Test Series,Tech Mahindra Mock
Tech Mahindra Mock 5,https://practice.geeksforgeeks.org/contest/tech-mahindra-mock-5-2532,,,,,Service Based Test Series,Tech Mahindra Mock
Deloitte Mock 1,https://practice.geeksforgeeks.org/contest/deloitte-mock-1-2649,,,,,Service Based Test Series,Deloitte Mocks
Deloitte Mock 2,https://practice.geeksforgeeks.org/contest/deloitte-mock-2-2738,,,,,Service Based Test Series,Deloitte Mocks
Deloitte Mock 3,https://practice.geeksforgeeks.org/contest/deloitte-mock-3-2831,,,,,Service Based Test Series,Deloitte Mocks
Deloitte Mock 4,https://practice.geeksforgeeks.org/contest/deloitte-mock-4-2916,,,,,Service Based Test Series,Deloitte Mocks
Deloitte Mock 5,https://practice.geeksforgeeks.org/contest/deloitte-mock-5-3008,,,,,Service Based Test Series,Deloitte Mocks
Wipro Mock 1,https://practice.geeksforgeeks.org/contest/wipro-mock-1-3108,,,,,Service Based Test Series,Wipro Mocks
Wipro Mock 2,https://practice.geeksforgeeks.org/contest/wipro-mock-2-3201,,,,,Service Based Test Series,Wipro Mocks
Wipro Mock 3,https://practice.geeksforgeeks.org/contest/wipro-mock-3-3245,,,,,Service Based Test Series,Wipro Mocks
Wipro Mock 4,https://practice.geeksforgeeks.org/contest/wipro-mock-4-3330,,,,,Service Based Test Series,Wipro Mocks
Wipro Mock 5,https://practice.geeksforgeeks.org/contest/wipro-mock-5-3416,,,,,Service Based Test Series,Wipro Mocks
CoCubes Mock 1,https://practice.geeksforgeeks.org/contest/cocubes-mock-1-3526,,,,,Service Based Test Series,CoCubes Mocks
CoCubes Mock 2,https://practice.geeksforgeeks.org/contest/cocubes-mock-2-3616,,,,,Service Based Test Series,CoCubes Mocks
CoCubes Mock 3,https://practice.geeksforgeeks.org/contest/cocubes-mock-3-3702,,,,,Service Based Test Series,CoCubes Mocks
CoCubes Mock 4,https://practice.geeksforgeeks.org/contest/cocubes-mock-4-3750,,,,,Service Based Test Series,CoCubes Mocks
CoCubes Mock 5,https://practice.geeksforgeeks.org/contest/cocubes-mock-5-3839,,,,,Service Based Test Series,CoCubes Mocks
Amazon Mock 1,https://practice.geeksforgeeks.org/contest/amazon-mock-1-4057,,,,,Product Based Test Series,Become Amazon Ready
Amazon Mock 2,https://practice.geeksforgeeks.org/contest/amazon-mock-2-4204,,,,,Product Based Test Series,Become Amazon Ready
Amazon Mock 3,https://practice.geeksforgeeks.org/contest/amazon-mock-3-4253,,,,,Product Based Test Series,Become Amazon Ready
Amazon Mock 4,https://practice.geeksforgeeks.org/contest/amazon-mock-4-4350,,,,,Product Based Test Series,Become Amazon Ready
Amazon Mock 5,https://practice.geeksforgeeks.org/contest/amazon-mock-5-4447,,,,,Product Based Test Series,Become Amazon Ready
FlipKart Mock 1,https://practice.geeksforgeeks.org/contest/flipkart-mock-1-4651,,,,,Product Based Test Series,Become Flipkart Ready
FlipKart Mock 2,https://practice.geeksforgeeks.org/contest/flipkart-mock-2-4824,,,,,Product Based Test Series,Become Flipkart Ready
FlipKart Mock 3,https://practice.geeksforgeeks.org/contest/flipkart-mock-3-4915,,,,,Product Based Test Series,Become Flipkart Ready
FlipKart Mock 4,https://practice.geeksforgeeks.org/contest/flipkart-mock-4-5002,,,,,Product Based Test Series,Become Flipkart Ready
FlipKart Mock 5,https://practice.geeksforgeeks.org/contest/flipkart-mock-5-5243,,,,,Product Based Test Series,Become Flipkart Ready
Google Mock 1,https://practice.geeksforgeeks.org/contest/google-mock-1-5344,,,,,Product Based Test Series,Become Google Ready
Google Mock 2,https://practice.geeksforgeeks.org/contest/google-mock-2-5442,,,,,Product Based Test Series,Become Google Ready
Google Mock 3,https://practice.geeksforgeeks.org/contest/google-mock-3-5530,,,,,Product Based Test Series,Become Google Ready
Google Mock 4,https://practice.geeksforgeeks.org/contest/google-mock-4-5624,,,,,Product Based Test Series,Become Google Ready
Google Mock 5,https://practice.geeksforgeeks.org/contest/google-mock-5-5739,,,,,Product Based Test Series,Become Google Ready
Microsoft Mock 1,https://practice.geeksforgeeks.org/contest/ms-mock-1-0008,,,,,Product Based Test Series,Become Microsoft Ready
Microsoft Mock 2,https://practice.geeksforgeeks.org/contest/ms-mock-2-0129,,,,,Product Based Test Series,Become Microsoft Ready
Microsoft Mock 3,https://practice.geeksforgeeks.org/contest/ms-mock-3-0220,,,,,Product Based Test Series,Become Microsoft Ready
Microsoft Mock 4,https://practice.geeksforgeeks.org/contest/ms-mock-4-0323,,,,,Product Based Test Series,Become Microsoft Ready
Microsoft Mock 5,https://practice.geeksforgeeks.org/contest/ms-mock-5-0423,,,,,Product Based Test Series,Become Microsoft Ready
Adobe Mock 1,https://practice.geeksforgeeks.org/contest/adobe-mock-1-0523,,,,,Product Based Test Series,Become Adobe Ready
Adobe Mock 2,https://practice.geeksforgeeks.org/contest/adobe-mock-2-0617,,,,,Product Based Test Series,Become Adobe Ready
Adobe Mock 3,https://practice.geeksforgeeks.org/contest/adobe-mock-3-0715,,,,,Product Based Test Series,Become Adobe Ready
Paytm Mock 1,https://practice.geeksforgeeks.org/contest/paytm-mock-1-0841,,,,,Product Based Test Series,Become Paytm Ready
Paytm Mock 2,https://practice.geeksforgeeks.org/contest/paytm-mock-2-0935,,,,,Product Based Test Series,Become Paytm Ready
Paytm Mock 3,https://practice.geeksforgeeks.org/contest/paytm-mock-3-1043,,,,,Product Based Test Series,Become Paytm Ready
